"id";"bookName";"author";"publication";"language";"location";"numberOfCopies";"createdDateTime";"lastUpdatedDateTime"
"07093857-9e1e-4dac-9a7c-70a56816d224";"Shri Kevadi Prabhu no saath - Volume 3";"Saryu Rajni Mehta";"Shreyas Pracharak Sabha ";"Gujarati";"Rack 1 - Isle 5";2;"2021-08-15 17:19:26";"2021-08-15 17:19:26"
"0898eda3-29e2-491b-a90c-6c295b03307e";"Aaptavani - Shreni 11(Uttarardh)";"Dr. Niruben Amin";"Dada Bhagwan Foundation (Madras) Vati";"Gujarati";"Rack 1 - Isle 3";1;"2021-08-21 16:46:26";"2021-08-21 16:46:26"
"0ab67775-ac9c-47f0-9ac5-c2ff9f1b7e35";"Shrimad Laghuraj Swami - Upadeshamrut";"Rajivbhai Chhaganbhai Desai";"Shrimad Rajchandra Ashram";"Gujarati";"";1;"2021-08-15 17:16:21";"2021-08-15 17:16:21"
"0b7ec7cf-8a89-4ed4-8f67-f84ebbe93a73";"Jin Bhakti";"Shrimad Rajchandra Adhyatmik Satsang Sadhna Kendra";"Shrimad Rajchandra Adhyatmik Satsang Sadhna Kendra";"Gujarati";"Rack 1 - Isle 3";3;"2021-08-21 16:42:43";"2021-08-21 16:42:43"
"0baacdbc-b4b0-492d-afc8-272c7c9b13b6";"Bhav Aalochana";"Shri Juhu Scheme Jain Sangh Parla";"Shri Juhu Scheme Jain Sangh Parla";"Gujarati";"";1;"2021-08-21 16:11:53";"2021-08-21 16:11:53"
"0d51ba47-2503-4c07-b5f1-84f5bcd30cb5";"Samyak Sopan Banave Bhagwan";"Shri Vanitabai Mahasatiji 'Vinay'";"Jaindarshan Prakashan";"Gujarati";"";1;"2021-08-21 17:54:53";"2021-08-21 17:54:53"
"0db33187-3fc9-4011-ae44-f552949a830e";"Pushpamada";"Parasbhai Jain";"Shrimad Rajchandra Janma Bhuvan";"Gujarati";"Rack 1 - Isle 4";3;"2021-08-21 15:36:00";"2021-08-21 15:36:00"
"0de05d55-460d-4054-93b4-65d41b11a38d";"Raj-Ratnamada";"Manubhai B Modi";"Manubhai B Modi";"Gujarati";"";1;"2021-08-15 17:53:27";"2021-08-15 17:53:27"
"11f8ad90-a6fa-4fd3-8a41-ed35546b1349";"Aaradhnakram";"Shrimad Rajchandra Gyanmandir Trust";"Shrimad Rajchandra Gyanmandir Trust";"Gujarati";"";1;"2021-08-21 17:35:21";"2021-08-21 17:35:21"
"1257907c-574f-4c51-9e51-541723270895";"Aatmasidhhishastra";"Rakeshbhai Zaveri";"Shrimad Rajchandra Aashram Dharampur";"Gujarati";"";1;"2021-08-21 15:38:53";"2021-08-21 15:38:53"
"147d2226-b75a-4902-bdb4-382b4b73cfab";"Sambodhi";"Acharya Mahapragya";"Jain Vishwabharti";"Gujarati";"Rack 1 - Isle 2";12;"2021-08-21 16:24:19";"2021-08-21 16:24:19"
"14a5273d-d798-490a-94b3-40e7c0a743a7";"Muni! Tu savadh rehje";"Acharya Vijay Ratnasundarsuri";"Ratnatrai Trust";"Gujarati";"";1;"2021-08-21 16:23:25";"2021-08-21 16:23:25"
"177f6a3b-0fbe-46c7-b334-d4b1f8b447e5";"Aatmasidhhishastra";"India House Of Worship";"India House Of Worship";"Gujarati";"";2;"2021-08-21 17:20:17";"2021-08-21 17:20:17"
"195578c8-f568-4fa5-80c2-abf27cd3afe1";"Karmastav";"Dhirajlal Dahyalal Mehta";"Jain Dharma Prasaran Trust - Surat";"Gujarati";"Rack 1 - Isle 1";5;"2021-09-04 15:33:15";"2021-09-04 15:33:15"
"1b2453ce-71ec-4e3b-8f4d-504c9509d1a4";"Rajbhakti";"Shrimad Rajchandra Adhyatmik Satsang Sadhna Kendra";"Shrimad Rajchandra Adhyatmik Satsang Sadhna Kendra";"Gujarati";"Rack 1 - Isle 3";4;"2021-09-04 17:46:51";"2021-09-04 17:46:51"
"1be09865-a844-41a3-9c58-d1a323e5565d";"Sachitra Jivan Katha";"Manubhai B Modi";"Manubhai B Modi";"Gujarati";"";1;"2021-08-15 17:43:21";"2021-08-15 17:43:21"
"1f9ccc1d-f78d-4f8d-bf5d-eedc68dd6bde";"Mokshmala Praveshika";"Brahmachari Shri Govardhandas Ji";"Shrimad Rajchandra Mumukshu (Anuyayi) Mandal";"Gujarati";"Rack 1 - Isle 4";1;"2021-09-04 18:28:11";"2021-09-04 18:28:11"
"235b0428-daa1-42bc-8dcc-b235a1486632";"Mokshmala";"Shrimad Rajchandra Ravjibhai";"Shrimad Rajchandra Aashram Agas";"Gujarati";"Rack 1 - Isle 4";6;"2021-09-04 18:33:11";"2021-09-04 18:33:11"
"236c646a-e531-4568-91f1-eb13f21d6339";"Shri Sadguru Upasna";"Shrimad Rajchandra Gyanmandir Trust";"Shrimad Rajchandra Gyanmandir Trust";"Gujarati";"";1;"2021-08-21 16:00:56";"2021-08-21 16:00:56"
"270b62d1-1f38-46d6-a520-e97d8265aa9e";"Shri Kevadi Prabhu no saath - Volume 5";"Saryu Rajni Mehta";"Shreyas Pracharak Sabha ";"Gujarati";"Rack 1 - Isle 5";1;"2021-08-15 17:19:59";"2021-08-15 17:19:59"
"29a7f7f8-8434-4fd7-a83a-4fc021793e48";"Padmalay - parag";"Shri Sanjaykumar Jayantilal Sanghvi";"Sanghvi Charitable Trust";"Gujarati";"";1;"2021-08-21 16:35:39";"2021-08-21 16:35:39"
"29f96807-eb03-40c6-ac63-c39a53e0c082";"Samkitna Sadsath Bolni Sajhay";"Dhirajlal Dahyalal Mehta";"Jain Dharma Prasaran Trust";"Gujarati";"Rack 1 - Isle 1";7;"2021-08-21 17:50:06";"2021-08-21 17:50:06"
"29facd50-f82e-419e-9be5-f160b1f5c139";"Pravachan Ratnakar - Volume 6";"Param Pujya Kanjiswami na pravachan";"Shri Digambar Jain Swadhyay Mandir Trust";"Gujarati";"";1;"2021-08-15 17:38:59";"2021-08-15 17:38:59"
"2aaf13e1-4a39-4852-a7de-81543756552f";"Tirthyatra";"";"";"Gujarati";"";1;"2021-08-21 15:57:13";"2021-08-21 15:57:13"
"2cdf4f69-ca84-43bc-9d90-644a8081f249";"Sadhak-Sadhna";"Shri Rasiklal";"Shri Raj Sobhag Satsang Mandad";"Gujarati";"";1;"2021-08-21 17:36:43";"2021-08-21 17:36:43"
"2dafe04f-ebcb-4b04-b3d6-7f32fb9add1d";"Mokshmala Praveshika";"Brahmachari Shri Govardhandas Ji";"Manubhai B. Modi";"Gujarati";"Rack 1 - Isle 4";1;"2021-09-04 18:27:27";"2021-09-04 18:27:27"
"31ec63cf-42b6-4b77-81b5-65a6b1460b99";"Nav Tatva Prakaran";"Shrimad Yashovijayji Jain Sanskrit Pathsala Mehsana";"Shrimad Yashovijayji Jain Sanskrit Pathsala Mehsana";"Gujarati";"";1;"2021-08-21 16:31:57";"2021-08-21 16:31:57"
"32830d63-ca36-4171-9ff8-ec478781cb0c";"Bhakti Sanchay";"Shrimad Rajchandra Swadhyay Mandir";"Shrimad Rajchandra Swadhyay Mandir";"Gujarati";"";1;"2021-08-21 17:22:06";"2021-08-21 17:22:06"
"36cefcbc-cf4b-4f57-828f-507e9dcf7347";"Chaturth Karmagranth";"Dhirajlal Dahyalal Mehta";"Jain Dharma Prasaran Trust - Surat";"Gujarati";"Rack 1 - Isle 1";4;"2021-09-04 15:48:18";"2021-09-04 15:48:18"
"386441ef-237b-493e-9ddc-0b5971f29f72";"Labdhi tana Bhandar";"Sunandaben Vohra";"Jain Centre New Jersey";"Gujarati";"Rack 1 - Isle 2";6;"2021-09-04 16:07:33";"2021-09-04 16:07:33"
"38c80ebd-492a-4da7-9e56-13b8ab3075a4";"Karmagranth - Volume 1:3";"Acharya Shri Vijay VirshekharSuri";"Bhartiya Prachyatatva Prakashan Samiti";"Gujarati";"Rack 1 - Isle 1";1;"2021-08-21 15:48:22";"2021-08-21 15:48:22"
"3d1ad3ce-be6b-4ce9-a32d-b2dcbf4c3c05";"Aagamdeep vol 1";"Muni Deep ratna sagar";"Navprabhat Printing press";"Gujarati";"Rack 1 - Isle 1";2;"2021-09-04 15:55:53";"2021-09-04 15:55:53"
"4017bca6-afdf-491d-ad6e-dd9b22853f63";"He Prabhu";"Shri Dineshbhai Modi";"Shri Alkesh Dinesh Modi Memorial Trust";"Gujarati";"";1;"2021-08-21 17:29:12";"2021-08-21 17:29:12"
"438714a2-8348-4ab7-865f-4bffbad3deca";"Hu Aatma Chhu - Volume 2";"Dr.Tarulbai Mahasati ji";"Shri Vardhman Jain Shravan Sangh Chembur";"Gujarati";"Rack 1 - Isle 1";3;"2021-08-21 15:43:30";"2021-08-21 15:43:30"
"43962ddd-c779-4b9a-9ea7-c4aae0e73985";"Pratishthta Mohatsav Smarak Granth";"Shri Jashbhai Govardhandas Patel";"Shri Jashbhai Govardhandas Patel";"Gujarati";"";1;"2021-08-15 17:57:04";"2021-08-15 17:57:04"
"46238d70-8183-472c-af5c-922a93b9d05d";"Prabhu Pratye";"Shrimad Rajchandra Adhyatmik Satsang Sadhna Kendra";"Shrimad Rajchandra Adhyatmik Satsang Sadhna Kendra";"Gujarati";"Rack 1 - Isle 3";5;"2021-08-21 16:42:08";"2021-08-21 16:42:08"
"4859fae2-cb1b-4fab-abf7-fffe1c013a98";"Hu Aatma Chhu - Volume 1";"Dr.Tarulbai Mahasati ji";"Shri Vardhman Jain Shravan Sangh Chembur";"Gujarati";"Rack 1 - Isle 1";3;"2021-08-21 15:43:12";"2021-08-21 15:43:12"
"4fa0867e-f8e2-4757-9d9c-a8e42ce5de7b";"Dharmik Vahivat Vichar";"P. Chandrashekharvijayji";"Kamal Prakashan Trust";"Gujarati";"";1;"2021-08-21 17:49:07";"2021-08-21 17:49:07"
"51d928ab-66eb-4ee5-8578-107ad002a04a";"Satya Ni Sodh";"Dr. Hukamchand Bharill";"Pandit Todarmal Smarak Trust";"Gujarati";"Rack 1 - Isle 4";8;"2021-08-21 16:34:04";"2021-08-21 16:34:04"
"56f1a4a6-90d6-453f-ad34-937aec1089eb";"Pravachan Ratnakar - Volume 5";"Param Pujya Kanjiswami na pravachan";"Shri Digambar Jain Swadhyay Mandir Trust";"Gujarati";"";1;"2021-08-15 17:38:51";"2021-08-15 17:38:51"
"58b49828-073f-4b03-970f-89fb9d6d7140";"Shrimad Na Naamthi Chlati Sansthao";"";"Shrimad Rajchandra Mumukshu Mandad";"Gujarati";"";1;"2021-08-15 17:49:49";"2021-08-15 17:49:49"
"5b937301-aa45-4f99-901b-97eda823b781";"Aaptavani - Shreni 11(Purvarardh)";"Dr. Niruben Amin";"Dada Bhagwan Foundation (Madras) Vati";"Gujarati";"Rack 1 - Isle 3";1;"2021-08-21 16:46:56";"2021-08-21 16:46:56"
"5d640533-e5e0-455b-859e-754d8dd52f92";"Mokshmala Vivechan";"Shri Bhramchariji";"Shrimad Rajchandra Mumukshu (Anuyayi) Mandal";"Gujarati";"Rack 1 - Isle 4";1;"2021-09-04 18:35:58";"2021-09-04 18:35:58"
"5f4c444a-3b81-4279-a03d-0691c7ee537b";"Vadvano Bhai Pujya Bhaishri";"Manubhai Premchand Shah";"Shrimad Rajchandra Nijabhyas Mandap Tatha Viharbhavan Trust";"Gujarati";"";1;"2021-08-15 17:58:44";"2021-08-15 17:58:44"
"5fac331d-c4cf-4040-8bd7-e0d1c267adae";"Bodhaamrut - Volume 2";"Manubhai B Modi";"Manubhai B Modi";"Gujarati";"";1;"2021-08-15 17:52:15";"2021-08-15 17:52:15"
"60f6d49c-3c96-4b8a-b1ef-d404dd809bcb";"Aatmasidhhu Shashtra Darshan";"Shrimati Vijyaben Mansukhlal Udani";"Shri Masukhlal Chhaganlal Udani Pariwar";"Gujarati";"";1;"2021-08-21 15:51:40";"2021-08-21 15:51:40"
"61353d85-f90a-400c-8564-98bcef900989";"Shrimad Rajchandra Nirvan Shatabdi Smarnika";"Shri Niranjanbhai Sheth Shri Sudhaben Sheth";"Shri Sahaj Shrut Parab";"Gujarati";"";1;"2021-08-15 18:06:06";"2021-08-15 18:06:06"
"63324e18-629c-40b6-83b9-3510f7e64323";"Aagamdeep vol 3";"Muni Deep ratna sagar";"Navprabhat Printing press";"Gujarati";"Rack 1 - Isle 1";2;"2021-09-04 15:56:13";"2021-09-04 15:56:13"
"66b854fd-9ead-48f9-90e5-164422c6336d";"Shri Kevadi Prabhu no saath - Volume 1 to 5 Sandarpsuchi";"Saryu Rajni Mehta";"Shreyas Pracharak Sabha ";"Gujarati";"Rack 1 - Isle 5";1;"2021-08-15 17:20:56";"2021-08-15 17:20:56"
"66d6d59c-b4ee-4d8e-a355-7685cff530d1";"Antarnad";"Sunandaben Vohra";"Gunanuragi mitron Canada-America";"Gujarati";"Rack 1 - Isle 2";5;"2021-09-04 16:13:42";"2021-09-04 16:13:42"
"6750459e-aa5d-4131-a0e4-73c7eaa0e1dd";"Parichay Pustika";"Shrimad Rajchandra Mandir Simarda";"Shrimad Rajchandra Mandir Simadra";"Gujarati";"";1;"2021-08-21 17:34:13";"2021-08-21 17:34:13"
"6771b1da-b789-41a3-a913-67a28dd55ba0";"Bandhswamitvanama";"Dhirajlal Dahyalal Mehta";"Jain Dharma Prasaran Trust";"Gujarati";"Rack 1 - Isle 1";8;"2021-08-21 16:29:41";"2021-08-21 16:29:41"
"67db91c2-0423-4fa1-b020-d406070b2fc7";"Mokshmala Bhavnabodh";"Shrimad Rajchandra Ravjibhai";"Shrimad Nijabhyas Mandap";"Gujarati";"Rack 1 - Isle 4";1;"2021-09-04 18:34:44";"2021-09-04 18:34:44"
"6c075a54-8968-4436-ad90-03855d5936bc";"Bahenshri Na Vachanamrut";"Bahenshri Champaben";"Shri Digambar Jain Swadhyay Mandir Trust";"Gujarati";"";2;"2021-08-21 17:40:54";"2021-08-21 17:40:54"
"6ffde935-ea52-4f48-83b9-0d8893d15098";"Maran Mahotsav";"Balbhramachari Shri Gokulbhai Shah";"Sahjatma swarup param guru trust";"Gujarati";"";1;"2021-08-21 15:53:12";"2021-08-21 15:53:12"
"712a7c8e-def2-40c1-a7ba-1f9b9e80e6c5";"Parmatmaprakash";"Manubhai Modi";"Manubhai Modi";"Gujarati";"";1;"2021-08-21 15:41:58";"2021-08-21 15:41:58"
"717944b8-ad59-4f19-a342-63c9a6a7df8a";"Gangasati nu Adhyatma Darshan";"Bhandev";"Pravin Prakashan PVT LTD";"Gujarati";"";1;"2021-08-21 16:07:18";"2021-08-21 16:07:18"
"7750c60f-36b1-4e24-ad54-c86be04b5510";"Purushottam Mahavir";"Acharya MahaPragya";"Jain Vishwa Bharti";"Gujarati";"Rack 1 - Isle 4";11;"2021-08-21 16:20:14";"2021-08-21 16:20:14"
"7a7a4178-b72a-4422-bd64-888c68c0c565";"Krambadha Paryay";"Dr. Hukumchand Bharill";"Shri Digambar Jain Mumuksh Mandal";"Gujarati";"Rack 1 - Isle 4";1;"2021-09-04 17:59:47";"2021-09-04 17:59:47"
"7d442281-c1de-4581-80c7-1674c477aa1f";"Aagamdeep vol 4";"Muni Deep ratna sagar";"Navprabhat Printing press";"Gujarati";"Rack 1 - Isle 1";2;"2021-09-04 15:56:57";"2021-09-04 15:56:57"
"82b7702e-e408-4900-be2a-e55324a8b257";"Mangalmay yog";"Sunandaben Vohra";"Pujya Shri BhadraguptSuriji MaharajSaheb";"Gujarati";"Rack 1 - Isle 2";17;"2021-09-04 16:05:29";"2021-09-04 16:05:29"
"8449eb19-43ba-4435-a06c-102582a0977a";"Pravachan Ratnakar - Volume 2";"Shri Digambar Jain Swadhyay Mandir Trust Songadh";"Shri Digambar Jain Swadhyay Mandir Trust Swadhyay";"Gujarati";"";1;"2021-08-21 15:45:34";"2021-08-21 15:45:34"
"85e3267b-1cc3-40f6-84aa-bb2138faa604";"Pravachan Ratnakar - Volume 10";"Param Pujya Kanjiswami na pravachan";"Shri Digambar Jain Swadhyay Mandir Trust";"Gujarati";"";1;"2021-08-15 17:39:18";"2021-08-15 17:39:18"
"871c0461-0a2d-414d-8b69-8157340b926a";"Aadhyatma Rajchandra ";"Dr. Bhagwandas Mansukhbhai Mehta";"Paramshrutprabhavak Mandad";"Gujarati";"";1;"2021-08-15 18:00:08";"2021-08-15 18:00:08"
"872b83d6-b410-4fb1-baab-e35b7ca186eb";"Aaptavani - Shreni 8";"Shri Ajit C Patel";"Dada Bhagwan Foundation (Madras) Vati";"Gujarati";"Rack 1 - Isle 3";1;"2021-08-21 16:46:00";"2021-08-21 16:46:00"
"8867dcc1-75dc-4b14-a635-fc4b29cd717d";"Aanthe Kothe Ajwada";"Sunandaben Vohra";"Gunanu Ragi Mitra Desh Pardesh";"Gujarati";"Rack 1 - Isle 2";6;"2021-09-04 16:22:19";"2021-09-04 16:22:19"
"8c163734-2bd6-4a0c-9df7-a29d1b367f4a";"Shrimad Rajchandra Adhyatmik Sankshipta Jivan";"Premchand Raujibhai Kothari";"Premchand Raujibhai Kothari Ghatkopar";"Gujarati";"";1;"2021-08-21 17:18:47";"2021-08-21 17:18:47"
"8c22c1b9-d234-469d-8182-33c63ec97a2b";"Pravachan Ratnakar - Volume 9";"Param Pujya Kanjiswami na pravachan";"Shri Digambar Jain Swadhyay Mandir Trust";"Gujarati";"";1;"2021-08-15 17:39:13";"2021-08-15 17:39:13"
"8dbaf679-1537-4f82-9638-06da413fc0d5";"Krpadudev Pragat Aatmaswarup";"Jai Sachhidanand Sangh";"Jai Sachhidanand Sangh";"Gujarati";"";1;"2021-08-21 17:16:37";"2021-08-21 17:16:37"
"8de64682-8854-49ec-acf0-6ad8cf230ab4";"Sitayan";"Nanalal R Shah";"Nananlal R Shah";"Gujarati";"";1;"2021-08-21 16:37:59";"2021-08-21 16:37:59"
"8ea214e7-7914-4e57-800b-43b2fc2ef3c5";"Jain Dharma, SHrimad Rajchandra ane mahatma gandhi";"Kumarpad Desai";"Shrimad Rajchandra Nijabhyas Mandad ane vihar bhavan trust ";"Gujarati";"";1;"2021-08-21 15:34:46";"2021-08-21 15:34:46"
"91138994-40ca-4f5e-bb1a-562532d3c44f";"Aanthe Kothe Ajwada";"Sunandaben Vohra";"Sushrut Sahitya Prakashan";"Gujarati";"Rack 1 - Isle 2";1;"2021-08-21 16:53:49";"2021-08-21 16:53:49"
"92738cc9-8a9d-46e9-ada6-206a19e3d436";"Aagamdeep vol 7";"Muni Deep ratna sagar";"Navprabhat Printing press";"Gujarati";"Rack 1 - Isle 1";2;"2021-09-04 15:57:19";"2021-09-04 15:57:19"
"95308753-62be-4a8e-a79f-6d9c9b478d37";"Aadarniya Grahast Sant Pujyashri Popatlalbhai Mahokamchand";"Lalbhai Somchand Shah";"Mahendrabhai Maneklal Shah";"Gujarati";"";1;"2021-08-21 17:32:25";"2021-08-21 17:32:25"
"95812a71-5392-4613-aa5a-a6cdfb87b85f";"Jain Vishvakosh - Volume 1";"Padmashri Dr.Kumarpad Desai Shri Gunwant Barwadia";"Shri Uvasaggaharam Sadhna Trust";"Gujarati";"";1;"2021-08-15 18:02:36";"2021-08-15 18:02:36"
"96191ff7-2e1d-4bc4-8dc7-435f9fc97c39";"Pujya Pandit Bhadrankarvijayji na Sanidhyani Divya Pado";"Sanghvi Babubhai Girdharlal Kadivada";"Babubhai Kadivada Charitable Trust";"Gujarati";"";1;"2021-08-21 16:52:34";"2021-08-21 16:52:34"
"97aa8c6e-9327-45f2-ad4a-d869654fb2ab";"Pravachan Ratnakar - Volume 7";"Param Pujya Kanjiswami na pravachan";"Shri Digambar Jain Swadhyay Mandir Trust";"Gujarati";"";1;"2021-08-15 17:39:06";"2021-08-15 17:39:06"
"981b0422-0128-4a42-8ded-7b04150ffd4a";"Sansakar-Jivan Vigyan ane Adyatma";"JayantBhai Shah";"Shrimad Rajchandra Adhyatmik Sadhna Kendra";"Gujarati";"";1;"2021-08-15 17:31:19";"2021-08-15 17:31:19"
"9847a9a2-3707-4333-be73-a20ddcc2c469";"Sadhnasopan";"Pujya Shri Aatmanand Ji";"Shri satshrut seva sadhna Kendra Koba Gandhinagar";"Gujarati";"";1;"2021-08-21 16:50:33";"2021-08-21 16:50:33"
"999f39f7-5467-446b-96ad-9f7105e20ee4";"Dravya Sangrah";"Niranjana Vohra";"Antarrashtriya Jain Vidya Adhyayan Kendra";"Gujarati";"";1;"2021-08-21 17:25:34";"2021-08-21 17:25:34"
"9a171211-4219-498c-8b06-8b74a1ef999e";"Krambadha Paryay";"Dr. Hukumchand Bharill";"Pandit Todarmal Smarak Trust";"Gujarati";"Rack 1 - Isle 4";4;"2021-08-21 16:26:49";"2021-08-21 16:26:49"
"9a785db5-fbd9-49a2-8c62-2642157918b6";"Charittanuvali";"Subodhikabai Mahasatiji";"Sadhvi Subodhika Jain Trust tatha Shri Pran Mahila Mandad, Akola";"Gujarati";"";1;"2021-08-21 17:57:42";"2021-08-21 17:57:42"
"9b1d7adb-4380-486e-9bde-f0da158acce1";"Te utre bhav paar";"Sunandaben Vohra";"SW. Shri Sukhlal Keshavji Mehta Parivaar";"Gujarati";"Rack 1 - Isle 2";8;"2021-09-04 16:15:50";"2021-09-04 16:15:50"
"9c315a0b-96ed-4fbf-9562-390531bac4dd";"Aaptavani - Shreni 6";"Dr. Niruben Amin";"Jai Sacchidanand Sangh Vati";"Gujarati";"Rack 1 - Isle 3";1;"2021-09-04 17:53:32";"2021-09-04 17:53:32"
"9c8544f4-9759-4ece-b0df-78479eb46c5b";"Yog Shatak";"Dhirajlal Dahyalal Mehta";"Dhirajlal Dahyalal Mehta";"Gujarati";"";1;"2021-08-21 17:44:35";"2021-08-21 17:44:35"
"9ed6b872-3d6e-4fdd-8f9f-c648ba937da3";"Sambodhi Saar";"Yuvacharya Mahapragya";"Anekant Bharti Prakashan";"Gujarati";"Rack 1 - Isle 2";1;"2021-09-04 16:40:36";"2021-09-04 16:40:36"
"a2774d2e-8540-4bdc-9fde-79dec7759e5c";"Tatvagyan na Tipa Volume - 1";"Pravinbhai C. Shah";"Syscom Inc.";"Gujarati";"";1;"2021-08-21 16:28:21";"2021-08-21 16:28:21"
"a351f8ab-fdd8-49cf-b53d-aeaf8e13b6a2";"Tirthankar Shri Mahavir Ane Shrimad Rajchandra";"Pujya Saheb Shri Gangajibhai Mohta";"Shrimad Rajchandra Ashram Samiti Mumbai";"Gujarati";"";1;"2021-08-21 16:14:17";"2021-08-21 16:14:17"
"a5bbd89f-0952-44da-baae-bc3bf90ad5a9";"Aagamdeep vol 6";"Muni Deep ratna sagar";"Navprabhat Printing press";"Gujarati";"Rack 1 - Isle 1";2;"2021-09-04 15:57:11";"2021-09-04 15:57:11"
"a8b5374e-c082-4c60-85ab-319c28ba3367";"Shri PanchstikaySangrah";"Niranjana Vohra";"Antarrashtriya Jain Vidya Adhyayan Kendra";"Gujarati";"";1;"2021-08-21 17:24:53";"2021-08-21 17:24:53"
"aa883745-fe1b-4477-a33d-e75e099ff949";"Updeshmala Balavabodh - Uttarardh";"Dr. Kantibhai B Shah";"Saurashtra Kesari Pranguru Jain Philosophical And Literary Research Center";"Gujarati";"";1;"2021-08-21 18:03:39";"2021-08-21 18:03:39"
"abb2b774-e594-4319-8cd9-dc70e6ac6b50";"Charitra Darshan";"Dr. Pravin Darji";"Shri Mumbai Jain Yuvak Sangh Prakashan";"Gujarati";"";1;"2021-08-21 17:52:30";"2021-08-21 17:52:30"
"af16ee10-0af9-4b8a-bba9-2b6d7237e157";"Pudgal No Parihar : Parmarth Ni Prapti";"Sunandaben Vohra";"Gunanuragi Mitro America-Ahmedabad";"Gujarati";"Rack 1 - Isle 4";16;"2021-09-04 18:08:58";"2021-09-04 18:08:58"
"b2dcaa92-a186-41f9-8150-81c3a2df249a";"Prabhu Pratye";"Shrimad Rajchandra Aashram";"Shrimad Rajchandra Aashram";"Gujarati";"Rack 1 - Isle 3";4;"2021-09-04 16:46:34";"2021-09-04 16:46:34"
"b3d935d1-a2b3-449b-9ab4-a875c7a9877f";"Samkit Prapti no Mudmarg";"Shri Raichand Dhanji Ajani";"Shri Raichand Dhanji Ajani";"Gujarati";"";1;"2021-08-21 16:02:39";"2021-08-21 16:02:39"
"b6a272cd-7148-4a5d-a772-541baaa118e3";"Shrimad Rajchandra Pranit Drashtant Kathao";"Parasbhai Jain";"Shrimad Rajchandra Janmabhuvan";"Gujarati";"";1;"2021-08-15 17:45:01";"2021-08-15 17:45:01"
"b8267322-1dae-4b96-bbb3-8dee8cbf2a75";"Shri Kevadi Prabhu no saath - Volume 1";"Saryu Rajni Mehta";"Shreyas Pracharak Sabha ";"Gujarati";"Rack 1 - Isle 5";1;"2021-08-15 17:18:55";"2021-08-15 17:18:55"
"b9845cff-c58d-4bea-8667-55ba6a80b7bd";"Shu Karvathi Pote Sukhi";"Sunandaben Vohra";"Jain Center of New Jersey";"Gujarati";"Rack 1 - Isle 4";7;"2021-09-04 18:23:42";"2021-09-04 18:23:42"
"ba19fb3c-5aa4-4088-8e9e-4b764c46a60f";"Dada Bhagwan Kathit Karmanu Vigyan";"Dr. Niruben Amin";"Mahavideh Foundation";"Gujarati";"";1;"2021-08-21 16:25:31";"2021-08-21 16:25:31"
"ba59eef1-24a7-446a-a94c-8700554ee55f";"Parichay Prabhav ane Pratibhav";"Shrimad Rajchandra Gyanmandir Trust";"Shrimad Rajchandra Gyanmandir Trust";"Gujarati";"";1;"2021-08-21 15:56:11";"2021-08-21 15:56:11"
"bcdbe3ff-d85e-453a-9e51-1386859db519";"Aagamdeep vol 2";"Muni Deep ratna sagar";"Navprabhat Printing press";"Gujarati";"Rack 1 - Isle 1";2;"2021-09-04 15:56:05";"2021-09-04 15:56:05"
"c0efe5eb-7ad7-4e4f-b43f-85411c3ea75b";"Shrutsarita";"Rajinibhai Chunilal Shah";"Narendra Mulchand Shah";"Gujarati";"Rack 1 - Isle 5";8;"2021-08-15 17:14:31";"2021-08-15 17:14:31"
"c603bad4-3c1a-4991-8409-57fe5766b306";"Maru Bharat Saru Bharat";"Acharya Vijay Ratnasundarsuri";"Ratnatrai Trust ";"Gujarati";"";1;"2021-08-15 17:28:41";"2021-08-15 17:28:41"
"c94dbbb0-5146-4d2a-aaaf-964b200683b5";"Karmavipak";"Dhirajlal Dahyalal Mehta";"Shri Jain Dharma Prasaran Trust";"Gujarati";"Rack 1 - Isle 1";5;"2021-08-21 16:48:49";"2021-08-21 16:48:49"
"cd620cab-78da-43cd-85d1-6bb056d82d99";"Shrimad Rajchandra";"Jaya Mehta";"Image PUblication PVT LTD";"Gujarati";"";1;"2021-08-21 17:23:13";"2021-08-21 17:23:13"
"d00e5ccd-3e41-4eb7-bfd5-861c56a748ee";"Muktibij";"Sunandaben Vohra";"Satsang Mandad Detroit U.S.A";"Gujarati";"";3;"2021-08-21 16:39:04";"2021-08-21 16:39:04"
"d15a9669-b48c-4a0b-b152-aab1d85c0d4d";"Gyanidasha";"Shri Dineshbhai Modi";"Shri Alkesh Dinesh Modi Memorial Trust";"Gujarati";"";1;"2021-08-21 15:49:40";"2021-08-21 15:49:40"
"d18e6eec-45c8-4bce-8d01-861f92b0c977";"Shri Rajwani ane bhaktiras Zarna";"SHrimad Rajchandra Gyanmandir Trust";"SHrimad Rajchandra Gyanmandir Trust";"Gujarati";"";1;"2021-08-21 15:40:54";"2021-08-21 15:40:54"
"d3643636-3eed-4124-a322-a60fcaac6efd";"Te Bhale Sukhe Suve";"Sunandaben Vohra";"Jinendra Foundation London";"Gujarati";"Rack 1 - Isle 4";5;"2021-09-04 18:24:47";"2021-09-04 18:24:47"
"d4b134b4-132f-49d4-a1eb-c64d9457689b";"Apurva Aaradhan";"Saryu Rajni Mehta";"Shreyas Pracharak Sabha";"Gujarati";"Rack 1 - Isle 4";4;"2021-08-15 17:48:19";"2021-08-15 17:48:19"
"d69b23b4-c093-492f-b761-e6076d27391d";"AatmasiddhiShastra par Pravachano";"";"Shri Digambar Jain Swadhyay Mandir Trust";"Gujarati";"";1;"2021-08-15 17:51:19";"2021-08-15 17:51:19"
"da3a84b2-e034-4b27-b69a-9c94e5d3208b";"Dharmayatra";"";"";"Gujarati";"";2;"2021-08-21 15:58:10";"2021-08-21 15:58:10"
"dc4ea48e-cc0d-4322-a01a-cfd60cd58a1d";"Aaptavani - Shreni 10 (Purvardh)";"Dr. Niruben Amin";"Dada Bhagwan Foundation (Madras) Vati";"Gujarati";"Rack 1 - Isle 3";1;"2021-09-04 17:50:30";"2021-09-04 17:50:30"
"dd47c980-0b26-4a23-b1d0-4cd9f29de169";"Smruti Granth";"";"Shrimad Rajchandra Gyanmandir Trust";"Gujarati";"";1;"2021-08-15 17:47:03";"2021-08-15 17:47:03"
"ddad1772-32e7-4650-8155-3f48e82fdd05";"Dhyan - Ek Parishilan";"Sunanda Vohra";"Shrit Satshrutseva Sadhna Kendra Koba Gandhinagar";"Gujarati";"";1;"2021-08-21 16:37:10";"2021-08-21 16:37:10"
"e0b3b6d1-dc0f-47c4-a558-65de2bb46423";"Shri Kevadi Prabhu no saath - Volume 4";"Saryu Rajni Mehta";"Shreyas Pracharak Sabha ";"Gujarati";"Rack 1 - Isle 5";4;"2021-08-15 17:19:44";"2021-08-15 17:19:44"
"e1823702-d785-41e0-9a15-8c6f30315a7a";"Vyakti ane vyaktitva";"Dineshbhai Joravarmalbhai Modi";"Shri Alkesh Dinesh Modi Memorial Trust Dalal Street Mumbai";"Gujarati";"";1;"2021-08-21 15:54:33";"2021-08-21 15:54:33"
"e1d41200-a467-4a7a-9e89-2131ea9323fd";"Hridaysakha Shri Saubhagya";"Shri Raj Sobhag Satsang Mandad";"Shri Raj Sobhag Satsang Mandad";"Gujarati";"";1;"2021-08-15 18:09:37";"2021-08-15 18:09:37"
"e2d486a8-3e40-4f26-8cce-2fe87482920f";"Chha Padno Pavitra Patra";"Shri Raichand Dhanji Ajani";"Padma Prakashan";"Gujarati";"";1;"2021-08-21 17:28:03";"2021-08-21 17:28:03"
"e48b3ba1-2016-4947-a5cd-49bfc84e352c";"Aagamdeep vol 5";"Muni Deep ratna sagar";"Navprabhat Printing press";"Gujarati";"Rack 1 - Isle 1";2;"2021-09-04 15:57:03";"2021-09-04 15:57:03"
"e4b47566-4d6f-4272-b846-bd2f083cb285";"Shri Yogadrashti Samuchay";"Dhirajlal Dahyalal Mehta";"Shri Jain Dharma Prasaran Trust ";"Gujarati";"";1;"2021-08-15 17:29:51";"2021-08-15 17:29:51"
"e4d1116f-27e1-47bf-9c2d-b65af28bd463";"Shri Kevadi Prabhu no saath - Volume 2";"Saryu Rajni Mehta";"Shreyas Pracharak Sabha ";"Gujarati";"Rack 1 - Isle 5";1;"2021-08-15 17:19:08";"2021-08-15 17:19:08"
"e63da69e-edef-409b-a5d7-66f95d6526e2";"Jain Dharma: Gyansagar";"Vinod Kapasi";"Shri Jaibhikhu Sahitya Trust";"Gujarati";"";1;"2021-08-21 16:10:15";"2021-08-21 16:10:15"
"e695dae4-3142-458e-a422-d54fcaee63b9";"Aagyabhakti";"Shrimad Rajchandra Adhyatmik Satsang Sadhna Kendra";"Shrimad Rajchandra Adhyatmik Satsang Sadhna Kendra";"Gujarati";"Rack 1 - Isle 3";2;"2021-08-21 16:40:57";"2021-08-21 16:40:57"
"ed9b5608-d2fd-47b2-ae44-85af9f142efa";"Navtatvaa no Sarad Parichay";"Sunandaben Vohra";"Trikamlal Mahasukhram";"Gujarati";"";1;"2021-08-21 16:21:50";"2021-08-21 16:21:50"
"edbb8cba-20e6-45ab-82e1-b998f8fd415a";"Sadhnasopan";"Pujya Shri Aatmanand Ji";"Shri satshrut seva sadhna Kendra Koba Gandhinagar";"Gujarati";"";1;"2021-08-21 16:50:21";"2021-08-21 16:50:21"
"f2225f85-5cf3-4bfd-abed-31d127fe8991";"Shrimad Rajchandra Pranit AatmasiddhiShastra";"Manubhai B Modi";"Navneet Publication LTD";"Gujarati";"";1;"2021-08-15 17:55:11";"2021-08-15 17:55:11"
"f6fc2eb3-6cf8-42ca-bb40-436c0053a159";"Updeshmala Balavabodh - Purvardh";"Dr. Kantibhai B Shah";"Saurashtra Kesari Pranguru Jain Philosophical And Literary Research Center";"Gujarati";"";1;"2021-08-21 18:31:52";"2021-08-21 18:31:52"
"f8aa6ee7-2b2f-4d36-9a21-cd4091598a64";"Karmagranth - Volume 4";"Acharya Shri Vijay VirshekharSuri";"Bhartiya Prachyatatva Prakashan Samiti";"Gujarati";"Rack 1 - Isle 1";1;"2021-09-05 16:38:17";"2021-09-05 16:38:17"
"fda35975-02ad-43d9-a874-004ed69c8fe6";"Shataknama Panchamkramgranth";"Dhirajlal Dahyalal Mehta";"Shri Jain Dharma Prasaran Trust - Surat";"Gujarati";"";2;"2021-08-21 18:01:44";"2021-08-21 18:01:44"
"fe41e5e0-f303-4ff5-bd83-3f11aa52bd08";"Hu Aatma Chhu - Volume 3";"Dr.Tarulbai Mahasati ji";"Shri Vardhman Jain Shravan Sangh Chembur";"Gujarati";"Rack 1 - Isle 1";3;"2021-08-21 15:43:38";"2021-08-21 15:43:38"
